dataset_name,class_label,n_train_class,n_test_class,p_train_class,p_test_class,class_prop_gap,centroid_dist,norm_centroid_gap,domain_auc,domain_auc_excess,shift_score,accuracy_1c,accuracy_iclv2,delta_accuracy,sampled_train,sampled_test,n_train,n_test,n_features_raw,n_features_encoded
wine-quality-red,8,12,3,0.0117302052785923,0.009375,0.0023552052785923,2.478927765865604,1.35576083228769,,,0.5058880131964809,0.675,0.68125,-0.0062499999999999,1023,320,1023,320,4,4
yeast,ERL,3,1,0.0031612223393045,0.0033670033670033,0.0002057810276988,1.015498664808527,1.124684186469023,,,0.5005144525692471,0.632996632996633,0.6363636363636364,-0.0033670033670033,949,297,949,297,8,8
wine-quality-red,3,6,2,0.0058651026392961,0.00625,0.0003848973607038,1.3169095846520926,0.8904308869975274,,,0.4461776869005232,0.675,0.68125,-0.0062499999999999,1023,320,1023,320,4,4
yeast,POX,13,4,0.0136986301369863,0.0134680134680134,0.0002306166689728,3.800405334255776,0.6992451348822817,,,0.3501991091135729,0.632996632996633,0.6363636363636364,-0.0033670033670033,949,297,949,297,8,8
yeast,EXC,22,7,0.0231822971548998,0.0235690235690235,0.0003867264141236,0.8784700564212612,0.4747366180435096,,,0.238335125057064,0.632996632996633,0.6363636363636364,-0.0033670033670033,949,297,949,297,8,8
wine-quality-red,4,34,11,0.0332355816226783,0.034375,0.0011394183773216,0.6275557487202162,0.3360235064238706,,,0.1708602991552393,0.675,0.68125,-0.0062499999999999,1023,320,1023,320,4,4
yeast,VAC,19,6,0.0200210748155953,0.0202020202020202,0.0001809453864248,0.5798893900665386,0.2695954495048028,,,0.1352500882184635,0.632996632996633,0.6363636363636364,-0.0033670033670033,949,297,949,297,8,8
yeast,ME2,33,10,0.0347734457323498,0.0336700336700336,0.0011034120623161,0.651814892795471,0.2383382780850456,,,0.1219276691983132,0.632996632996633,0.6363636363636364,-0.0033670033670033,949,297,949,297,8,8
yeast,ME1,28,9,0.0295047418335089,0.0303030303030303,0.0007982884695213,0.3106354347950154,0.195602068756054,,,0.0997967555518303,0.632996632996633,0.6363636363636364,-0.0033670033670033,949,297,949,297,8,8
